villeID,size,Xi,Yi
Paris,2,-168.9946760168758,2.137857507798458
Londres,3,-170.3870956282047,-161.09681749206862
Berlin,4,29.137409970662134,63.8380858594812
Madrid,5,-57.33953130033075,-117.66631861934451
Rome,6,-128.97359572002327,-95.07802648179086
Varsovie,7,-48.48574062499634,-55.04611402518016
Budapest,8,-28.23813171020805,72.05101520583236
Vienne,9,-49.21843533037034,48.510689873246776
Prague,10,-111.72274280890713,-6.935246780946358
Bucarest,11,-117.7565757893394,154.0541049886345
