villeID,size,Xi,Yi
Paris,2,-134.32443128377562,-83.39871857884174
Londres,3,44.84145607666139,-38.33792805701859
Berlin,4,-163.390959708843,61.52907992216251
Madrid,5,-110.70921126414147,-88.72577331767674
Rome,6,63.72821478492642,-54.73867073877993
Varsovie,7,116.66982250653223,148.28277608111046
Budapest,8,49.94070472588572,-129.2646563813223
Vienne,9,85.2028770542318,-89.01977811713269
Prague,10,136.2000560176623,-107.20073316930352
Bucarest,11,53.37044017978306,-102.21690928293305
